month,new_customers,customers,solo,studio,plus,subscription,storage_overage,egress_overage,revenue,cogs,gross_profit,burn,net_cash,cum_cash,sm_spend
1,0.00,0.00,0.00,0.00,0.00,0,0,0,0,0,0,95000,-95000,-95000,0
2,0.00,0.00,0.00,0.00,0.00,0,0,0,0,0,0,95000,-95000,-190000,0
3,0.00,0.00,0.00,0.00,0.00,0,0,0,0,0,0,95000,-95000,-285000,0
4,0.00,0.00,0.00,0.00,0.00,0,0,0,0,0,0,95000,-95000,-380000,0
5,0.00,0.00,0.00,0.00,0.00,0,0,0,0,0,0,95000,-95000,-475000,0
6,0.00,0.00,0.00,0.00,0.00,0,0,0,0,0,0,95000,-95000,-570000,0
7,0.00,0.00,0.00,0.00,0.00,0,0,0,0,0,0,95000,-95000,-665000,0
8,0.00,0.00,0.00,0.00,0.00,0,0,0,0,0,0,95000,-95000,-760000,0
9,0.00,0.00,0.00,0.00,0.00,0,0,0,0,0,0,95000,-95000,-855000,0
10,5.00,5.00,1.75,2.50,0.75,1455,0,0,1455,435,1020,95000,-93980,-948980,15000
11,5.45,10.38,3.63,5.19,1.56,3019,0,0,3019,903,2116,95000,-92884,-1041864,15000
12,5.94,16.16,5.66,8.08,2.42,4703,7,0,4710,1406,3304,95000,-91696,-1133560,15000
13,6.48,22.39,7.84,11.20,3.36,6516,31,0,6547,1948,4599,140000,-135401,-1268961,15000
14,7.06,29.11,10.19,14.56,4.37,8472,71,0,8543,2533,6010,140000,-133990,-1402950,15000
15,7.69,36.37,12.73,18.19,5.46,10584,130,0,10714,3164,7549,140000,-132451,-1535401,15000
16,8.39,44.21,15.47,22.11,6.63,12865,207,0,13073,3846,9227,140000,-130773,-1666175,15000
17,9.14,52.69,18.44,26.34,7.90,15332,306,0,15638,4584,11054,140000,-128946,-1795120,15000
18,9.96,61.86,21.65,30.93,9.28,18001,427,0,18428,5382,13046,140000,-126954,-1922074,15000
19,10.86,71.79,25.13,35.90,10.77,20891,571,0,21462,6246,15216,140000,-124784,-2046858,15000
20,11.84,82.55,28.89,41.28,12.38,24023,740,0,24763,7182,17581,140000,-122419,-2169277,15000
21,12.90,94.22,32.98,47.11,14.13,27417,937,0,28354,8197,20157,140000,-119843,-2289120,15000
22,14.06,106.87,37.40,53.43,16.03,31098,1163,0,32261,9297,22964,140000,-117036,-2406156,15000
23,15.33,120.59,42.21,60.30,18.09,35092,1421,0,36513,10492,26022,140000,-113978,-2520134,15000
24,16.71,135.49,47.42,67.75,20.32,39428,1713,0,41141,11788,29353,140000,-110647,-2630781,15000
25,18.21,151.67,53.09,75.84,22.75,44136,2041,0,46178,13195,32982,180000,-147018,-2777798,15000
26,19.85,169.25,59.24,84.62,25.39,49251,2410,0,51661,14725,36936,180000,-143064,-2920862,15000
27,21.64,188.35,65.92,94.17,28.25,54809,2821,0,57630,16386,41244,180000,-138756,-3059618,15000
28,23.59,209.11,73.19,104.55,31.37,60850,3278,0,64129,18192,45937,180000,-134063,-3193682,15000
29,25.71,231.68,81.09,115.84,34.75,67419,3786,0,71205,20156,51049,180000,-128951,-3322633,15000
30,28.02,256.23,89.68,128.11,38.43,74562,4349,0,78911,22292,56619,180000,-123381,-3446013,15000
31,30.54,282.93,99.02,141.46,42.44,82332,4971,0,87302,24615,62688,180000,-117312,-3563326,15000
32,33.29,311.98,109.19,155.99,46.80,90785,5656,0,96442,27142,69300,180000,-110700,-3674026,15000
33,36.29,343.59,120.26,171.79,51.54,99984,6412,0,106395,29892,76503,180000,-103497,-3777523,15000
34,39.56,377.99,132.30,188.99,56.70,109994,7243,0,117237,32885,84352,180000,-95648,-3873170,15000
35,43.12,415.43,145.40,207.72,62.31,120891,8156,0,129047,36143,92904,180000,-87096,-3960266,15000
36,47.00,456.20,159.67,228.10,68.43,132753,9158,0,141912,39689,102223,180000,-77777,-4038043,15000
