month,new_customers,customers,solo,studio,plus,subscription,storage_overage,egress_overage,revenue,cogs_variable,cogs_fixed,cogs,gross_profit,payroll,nonpayroll,support,marketing,burn,net_cash,cum_cash,sm_spend
1,0.00,0.00,0.00,0.00,0.00,0,0,0,0,0,0,0,0,20042,11380,0,0,31422,-31422,-31422,0
2,0.00,0.00,0.00,0.00,0.00,0,0,0,0,0,0,0,0,38458,9530,0,0,47988,-47988,-79410,0
3,0.00,0.00,0.00,0.00,0.00,0,0,0,0,0,0,0,0,38458,5030,0,0,43488,-43488,-122898,0
4,0.00,0.00,0.00,0.00,0.00,0,0,0,0,0,0,0,0,38458,3030,0,0,41488,-41488,-164387,0
5,0.00,0.00,0.00,0.00,0.00,0,0,0,0,0,0,0,0,60125,13380,0,0,73505,-73505,-237892,0
6,0.00,0.00,0.00,0.00,0.00,0,0,0,0,0,0,0,0,76917,7830,0,0,84747,-84747,-322638,0
7,0.00,0.00,0.00,0.00,0.00,0,0,0,0,0,0,0,0,76917,4330,0,0,81247,-81247,-403885,0
8,0.00,0.00,0.00,0.00,0.00,0,0,0,0,0,0,0,0,76917,4330,0,0,81247,-81247,-485132,0
9,0.00,0.00,0.00,0.00,0.00,0,0,0,0,0,0,0,0,85042,13905,0,0,98947,-98947,-584078,14125
10,0.00,0.00,0.00,0.00,0.00,0,0,0,0,0,0,0,0,85042,20405,0,0,105447,-105447,-689525,24125
11,3.00,3.00,1.20,1.50,0.30,741,0,0,741,263,100,364,377,85042,4405,0,8000,97447,-97069,-786594,21125
12,3.21,6.15,2.46,3.08,0.61,1519,0,0,1519,545,100,646,873,85042,7805,0,8000,100847,-99973,-886568,21125
13,3.43,9.46,3.78,4.73,0.95,2337,4,0,2341,846,100,946,1395,102375,8455,0,8000,118830,-117435,-1004003,21125
14,3.68,12.95,5.18,6.47,1.29,3198,17,0,3215,1166,100,1267,1948,102375,4955,0,8000,115330,-113382,-1117385,21125
15,3.93,16.62,6.65,8.31,1.66,4105,40,0,4145,1507,100,1608,2537,102375,4955,0,8000,115330,-112793,-1230177,21125
16,4.21,20.50,8.20,10.25,2.05,5063,72,0,5134,1870,100,1970,3165,102375,4955,0,8000,115330,-112165,-1342343,21125
17,4.50,24.59,9.84,12.29,2.46,6073,114,0,6188,2255,451,2706,3482,102375,5655,0,8000,116030,-112548,-1454891,21125
18,4.82,28.91,11.57,14.46,2.89,7142,167,0,7309,2665,451,3116,4193,102375,4955,0,8000,115330,-111137,-1566028,21125
19,5.15,33.49,13.40,16.75,3.35,8272,231,0,8503,3102,451,3553,4950,124042,8605,0,8000,140647,-135697,-1701725,21125
20,5.52,38.34,15.33,19.17,3.83,9469,306,0,9775,3567,451,4018,5757,124042,17105,0,8000,149147,-143389,-1845114,33125
21,5.90,43.47,17.39,21.74,4.35,10737,394,0,11131,4063,451,4514,6617,124042,5105,0,8000,137147,-130529,-1975644,21125
22,6.31,48.92,19.57,24.46,4.89,12082,493,0,12575,4590,451,5041,7534,124042,5105,0,8000,137147,-129613,-2105256,21125
23,6.76,54.69,21.88,27.35,5.47,13509,606,0,14115,5153,451,5604,8511,124042,5105,0,8000,137147,-128635,-2233891,21125
24,7.23,60.83,24.33,30.41,6.08,15025,732,0,15757,5752,451,6203,9554,124042,8105,0,8000,140147,-130593,-2364484,21125
25,7.74,67.35,26.94,33.67,6.73,16635,873,0,17508,6391,451,6842,10665,124042,5105,0,8000,137147,-126481,-2490966,21125
26,8.28,74.28,29.71,37.14,7.43,18347,1028,0,19375,7073,451,7524,11851,124042,5105,0,8000,137147,-125296,-2616261,21125
27,8.86,81.65,32.66,40.82,8.16,20167,1200,0,21367,7800,451,8251,13116,124042,5105,0,8000,137147,-124030,-2740292,21125
28,9.48,89.49,35.80,44.75,8.95,22105,1388,0,23493,8576,451,9027,14466,124042,5105,0,8000,137147,-122680,-2862972,21125
29,10.14,97.84,39.14,48.92,9.78,24167,1594,0,25762,9403,451,9854,15907,124042,5805,0,8000,137847,-121939,-2984911,21125
30,10.85,106.74,42.69,53.37,10.67,26364,1819,0,28183,10286,451,10737,17446,124042,5105,0,8000,137147,-119701,-3104612,21125
31,11.61,116.21,46.48,58.11,11.62,28704,2064,0,30768,11229,451,11680,19088,124042,5105,0,8000,137147,-118059,-3222671,21125
32,12.42,126.31,50.52,63.15,12.63,31198,2330,0,33528,12236,451,12687,20841,124042,17105,0,8000,149147,-128306,-3350977,21125
33,13.29,137.07,54.83,68.54,13.71,33857,2618,0,36475,13310,451,13761,22713,124042,5105,0,8000,137147,-114433,-3465410,21125
34,14.22,148.55,59.42,74.28,14.86,36693,2929,0,39622,14458,451,14909,24713,124042,5105,0,8000,137147,-112433,-3577844,21125
35,15.22,160.80,64.32,80.40,16.08,39717,3266,0,42984,15683,451,16134,26849,124042,5105,10833,8000,147980,-121131,-3698975,21125
36,16.28,173.87,69.55,86.93,17.39,42945,3630,0,46574,16992,451,17443,29131,124042,8105,10833,8000,150980,-121849,-3820823,21125
